{
    "frames": [
    {
        "filename": "appear_01.png",
        "frame": {"x":494,"y":111,"w":27,"h":31},
        "rotated": false,
        "trimmed": true,
        "spriteSourceSize": {"x":52,"y":113,"w":27,"h":31},
        "sourceSize": {"w":110,"h":144},
        "pivot": {"x":0.5,"y":1}
    },
    {
        "filename": "appear_02.png",
        "frame": {"x":465,"y":111,"w":27,"h":42},
        "rotated": false,
        "trimmed": true,
        "spriteSourceSize": {"x":52,"y":102,"w":27,"h":42},
        "sourceSize": {"w":110,"h":144},
        "pivot": {"x":0.5,"y":1}
    },
    {
        "filename": "appear_03.png",
        "frame": {"x":705,"y":158,"w":31,"h":52},
        "rotated": false,
        "trimmed": true,
        "spriteSourceSize": {"x":41,"y":92,"w":31,"h":52},
        "sourceSize": {"w":110,"h":144},
        "pivot": {"x":0.5,"y":1}
    },
    {
        "filename": "appear_04.png",
        "frame": {"x":112,"y":298,"w":74,"h":17},
        "rotated": false,
        "trimmed": true,
        "spriteSourceSize": {"x":16,"y":127,"w":74,"h":17},
        "sourceSize": {"w":110,"h":144},
        "pivot": {"x":0.5,"y":1}
    },
    {
        "filename": "appear_05.png",
        "frame": {"x":564,"y":621,"w":94,"h":62},
        "rotated": false,
        "trimmed": true,
        "spriteSourceSize": {"x":16,"y":82,"w":94,"h":62},
        "sourceSize": {"w":110,"h":144},
        "pivot": {"x":0.5,"y":1}
    },
    {
        "filename": "appear_06.png",
        "frame": {"x":507,"y":544,"w":106,"h":75},
        "rotated": false,
        "trimmed": true,
        "spriteSourceSize": {"x":1,"y":69,"w":106,"h":75},
        "sourceSize": {"w":110,"h":144},
        "pivot": {"x":0.5,"y":1}
    },
    {
        "filename": "appear_07.png",
        "frame": {"x":119,"y":637,"w":98,"h":93},
        "rotated": false,
        "trimmed": true,
        "spriteSourceSize": {"x":0,"y":51,"w":98,"h":93},
        "sourceSize": {"w":110,"h":144},
        "pivot": {"x":0.5,"y":1}
    },
    {
        "filename": "appear_08.png",
        "frame": {"x":486,"y":621,"w":76,"h":118},
        "rotated": false,
        "trimmed": true,
        "spriteSourceSize": {"x":12,"y":26,"w":76,"h":118},
        "sourceSize": {"w":110,"h":144},
        "pivot": {"x":0.5,"y":1}
    },
    {
        "filename": "appear_09.png",
        "frame": {"x":321,"y":601,"w":73,"h":124},
        "rotated": false,
        "trimmed": true,
        "spriteSourceSize": {"x":15,"y":20,"w":73,"h":124},
        "sourceSize": {"w":110,"h":144},
        "pivot": {"x":0.5,"y":1}
    },
    {
        "filename": "appear_10.png",
        "frame": {"x":406,"y":600,"w":78,"h":140},
        "rotated": false,
        "trimmed": true,
        "spriteSourceSize": {"x":10,"y":4,"w":78,"h":140},
        "sourceSize": {"w":110,"h":144},
        "pivot": {"x":0.5,"y":1}
    },
    {
        "filename": "appear_11.png",
        "frame": {"x":615,"y":469,"w":82,"h":144},
        "rotated": false,
        "trimmed": true,
        "spriteSourceSize": {"x":11,"y":0,"w":82,"h":144},
        "sourceSize": {"w":110,"h":144},
        "pivot": {"x":0.5,"y":1}
    },
    {
        "filename": "die_01.png",
        "frame": {"x":523,"y":15,"w":112,"h":144},
        "rotated": false,
        "trimmed": true,
        "spriteSourceSize": {"x":38,"y":0,"w":112,"h":144},
        "sourceSize": {"w":222,"h":146},
        "pivot": {"x":0.5,"y":1}
    },
    {
        "filename": "die_02.png",
        "frame": {"x":113,"y":2,"w":134,"h":129},
        "rotated": false,
        "trimmed": true,
        "spriteSourceSize": {"x":32,"y":15,"w":134,"h":129},
        "sourceSize": {"w":222,"h":146},
        "pivot": {"x":0.5,"y":1}
    },
    {
        "filename": "die_03.png",
        "frame": {"x":249,"y":2,"w":139,"h":106},
        "rotated": false,
        "trimmed": true,
        "spriteSourceSize": {"x":36,"y":38,"w":139,"h":106},
        "sourceSize": {"w":222,"h":146},
        "pivot": {"x":0.5,"y":1}
    },
    {
        "filename": "die_04.png",
        "frame": {"x":465,"y":161,"w":133,"h":73},
        "rotated": false,
        "trimmed": true,
        "spriteSourceSize": {"x":44,"y":71,"w":133,"h":73},
        "sourceSize": {"w":222,"h":146},
        "pivot": {"x":0.5,"y":1}
    },
    {
        "filename": "die_05.png",
        "frame": {"x":113,"y":133,"w":147,"h":69},
        "rotated": false,
        "trimmed": true,
        "spriteSourceSize": {"x":42,"y":76,"w":147,"h":69},
        "sourceSize": {"w":222,"h":146},
        "pivot": {"x":0.5,"y":1}
    },
    {
        "filename": "die_06.png",
        "frame": {"x":564,"y":685,"w":154,"h":51},
        "rotated": false,
        "trimmed": true,
        "spriteSourceSize": {"x":41,"y":94,"w":154,"h":51},
        "sourceSize": {"w":222,"h":146},
        "pivot": {"x":0.5,"y":1}
    },
    {
        "filename": "die_07.png",
        "frame": {"x":242,"y":266,"w":188,"h":24},
        "rotated": false,
        "trimmed": true,
        "spriteSourceSize": {"x":28,"y":121,"w":188,"h":24},
        "sourceSize": {"w":222,"h":146},
        "pivot": {"x":0.5,"y":1}
    },
    {
        "filename": "die_08.png",
        "frame": {"x":390,"y":2,"w":222,"h":11},
        "rotated": false,
        "trimmed": true,
        "spriteSourceSize": {"x":0,"y":134,"w":222,"h":11},
        "sourceSize": {"w":222,"h":146},
        "pivot": {"x":0.5,"y":1}
    },
    {
        "filename": "go_01.png",
        "frame": {"x":637,"y":2,"w":100,"h":154},
        "rotated": false,
        "trimmed": true,
        "spriteSourceSize": {"x":0,"y":1,"w":100,"h":154},
        "sourceSize": {"w":100,"h":156},
        "pivot": {"x":0.5,"y":1}
    },
    {
        "filename": "go_02.png",
        "frame": {"x":262,"y":110,"w":100,"h":154},
        "rotated": false,
        "trimmed": true,
        "spriteSourceSize": {"x":0,"y":1,"w":100,"h":154},
        "sourceSize": {"w":100,"h":156},
        "pivot": {"x":0.5,"y":1}
    },
    {
        "filename": "go_03.png",
        "frame": {"x":364,"y":111,"w":99,"h":153},
        "rotated": false,
        "trimmed": true,
        "spriteSourceSize": {"x":1,"y":2,"w":99,"h":153},
        "sourceSize": {"w":100,"h":156},
        "pivot": {"x":0.5,"y":1}
    },
    {
        "filename": "go_04.png",
        "frame": {"x":203,"y":298,"w":99,"h":153},
        "rotated": false,
        "trimmed": true,
        "spriteSourceSize": {"x":1,"y":2,"w":99,"h":153},
        "sourceSize": {"w":100,"h":156},
        "pivot": {"x":0.5,"y":1}
    },
    {
        "filename": "go_05.png",
        "frame": {"x":305,"y":447,"w":99,"h":152},
        "rotated": false,
        "trimmed": true,
        "spriteSourceSize": {"x":1,"y":3,"w":99,"h":152},
        "sourceSize": {"w":100,"h":156},
        "pivot": {"x":0.5,"y":1}
    },
    {
        "filename": "go_06.png",
        "frame": {"x":405,"y":292,"w":98,"h":152},
        "rotated": false,
        "trimmed": true,
        "spriteSourceSize": {"x":2,"y":3,"w":98,"h":152},
        "sourceSize": {"w":100,"h":156},
        "pivot": {"x":0.5,"y":1}
    },
    {
        "filename": "go_07.png",
        "frame": {"x":304,"y":292,"w":99,"h":153},
        "rotated": false,
        "trimmed": true,
        "spriteSourceSize": {"x":1,"y":2,"w":99,"h":153},
        "sourceSize": {"w":100,"h":156},
        "pivot": {"x":0.5,"y":1}
    },
    {
        "filename": "go_08.png",
        "frame": {"x":103,"y":480,"w":99,"h":155},
        "rotated": false,
        "trimmed": true,
        "spriteSourceSize": {"x":1,"y":1,"w":99,"h":155},
        "sourceSize": {"w":100,"h":156},
        "pivot": {"x":0.5,"y":1}
    },
    {
        "filename": "go_09.png",
        "frame": {"x":2,"y":322,"w":99,"h":156},
        "rotated": false,
        "trimmed": true,
        "spriteSourceSize": {"x":1,"y":0,"w":99,"h":156},
        "sourceSize": {"w":100,"h":156},
        "pivot": {"x":0.5,"y":1}
    },
    {
        "filename": "go_10.png",
        "frame": {"x":2,"y":480,"w":99,"h":156},
        "rotated": false,
        "trimmed": true,
        "spriteSourceSize": {"x":1,"y":0,"w":99,"h":156},
        "sourceSize": {"w":100,"h":156},
        "pivot": {"x":0.5,"y":1}
    },
    {
        "filename": "hit_01.png",
        "frame": {"x":2,"y":2,"w":109,"h":159},
        "rotated": false,
        "trimmed": true,
        "spriteSourceSize": {"x":77,"y":0,"w":109,"h":159},
        "sourceSize": {"w":186,"h":162},
        "pivot": {"x":0.5,"y":1}
    },
    {
        "filename": "hit_02.png",
        "frame": {"x":103,"y":322,"w":98,"h":156},
        "rotated": false,
        "trimmed": true,
        "spriteSourceSize": {"x":79,"y":3,"w":98,"h":156},
        "sourceSize": {"w":186,"h":162},
        "pivot": {"x":0.5,"y":1}
    },
    {
        "filename": "hit_03.png",
        "frame": {"x":2,"y":163,"w":108,"h":157},
        "rotated": false,
        "trimmed": true,
        "spriteSourceSize": {"x":25,"y":3,"w":108,"h":157},
        "sourceSize": {"w":186,"h":162},
        "pivot": {"x":0.5,"y":1}
    },
    {
        "filename": "hit_04.png",
        "frame": {"x":390,"y":15,"w":131,"h":94},
        "rotated": false,
        "trimmed": true,
        "spriteSourceSize": {"x":0,"y":66,"w":131,"h":94},
        "sourceSize": {"w":186,"h":162},
        "pivot": {"x":0.5,"y":1}
    },
    {
        "filename": "hit_05.png",
        "frame": {"x":112,"y":204,"w":128,"h":92},
        "rotated": false,
        "trimmed": true,
        "spriteSourceSize": {"x":3,"y":70,"w":128,"h":92},
        "sourceSize": {"w":186,"h":162},
        "pivot": {"x":0.5,"y":1}
    },
    {
        "filename": "hit_06.png",
        "frame": {"x":2,"y":638,"w":115,"h":100},
        "rotated": false,
        "trimmed": true,
        "spriteSourceSize": {"x":16,"y":60,"w":115,"h":100},
        "sourceSize": {"w":186,"h":162},
        "pivot": {"x":0.5,"y":1}
    },
    {
        "filename": "hit_07.png",
        "frame": {"x":219,"y":608,"w":100,"h":132},
        "rotated": false,
        "trimmed": true,
        "spriteSourceSize": {"x":32,"y":28,"w":100,"h":132},
        "sourceSize": {"w":186,"h":162},
        "pivot": {"x":0.5,"y":1}
    },
    {
        "filename": "idle_01.png",
        "frame": {"x":204,"y":453,"w":99,"h":153},
        "rotated": false,
        "trimmed": true,
        "spriteSourceSize": {"x":0,"y":0,"w":99,"h":153},
        "sourceSize": {"w":100,"h":154},
        "pivot": {"x":0.5,"y":1}
    },
    {
        "filename": "idle_02.png",
        "frame": {"x":406,"y":446,"w":99,"h":152},
        "rotated": false,
        "trimmed": true,
        "spriteSourceSize": {"x":0,"y":1,"w":99,"h":152},
        "sourceSize": {"w":100,"h":154},
        "pivot": {"x":0.5,"y":1}
    },
    {
        "filename": "idle_03.png",
        "frame": {"x":505,"y":236,"w":98,"h":152},
        "rotated": false,
        "trimmed": true,
        "spriteSourceSize": {"x":1,"y":1,"w":98,"h":152},
        "sourceSize": {"w":100,"h":154},
        "pivot": {"x":0.5,"y":1}
    },
    {
        "filename": "idle_04.png",
        "frame": {"x":507,"y":390,"w":98,"h":152},
        "rotated": false,
        "trimmed": true,
        "spriteSourceSize": {"x":1,"y":1,"w":98,"h":152},
        "sourceSize": {"w":100,"h":154},
        "pivot": {"x":0.5,"y":1}
    },
    {
        "filename": "idle_05.png",
        "frame": {"x":605,"y":161,"w":98,"h":152},
        "rotated": false,
        "trimmed": true,
        "spriteSourceSize": {"x":1,"y":1,"w":98,"h":152},
        "sourceSize": {"w":100,"h":154},
        "pivot": {"x":0.5,"y":1}
    },
    {
        "filename": "idle_06.png",
        "frame": {"x":607,"y":315,"w":99,"h":152},
        "rotated": false,
        "trimmed": true,
        "spriteSourceSize": {"x":0,"y":1,"w":99,"h":152},
        "sourceSize": {"w":100,"h":154},
        "pivot": {"x":0.5,"y":1}
    }],
    "meta": {
        "app": "http://www.codeandweb.com/texturepacker",
        "version": "1.0",
        "image": "zombie.png",
        "format": "RGBA8888",
        "size": {"w":742,"h":742},
        "scale": "0.5",
        "smartupdate": "$TexturePacker:SmartUpdate:28fca4a18eeef90b2646ccc59eb1f593:ccb2bd5648fe15c740c647d39945c765:3e6ed6fe54c801c395eefb25aa5e45e8$"
    }
}
